Lube pdt to Storage,DW Feed,CAT R204,CATR205,Gas to Oil,System Pressure,Stripping Steam to C224,F206 HOT,Stripping Steam to C225,C225 Top Reflux,Lube by pdt to storage,Lt Lube to Storage,Lube by pdt draw off temp,Lt Lube draw off temp,Lube pdt draw off temp,C225 Column Temp,C225 Column Pressure,Lube pdt Online KV@40 deg C
1142.4,1341.6,346.5,243.3,403.7,156.3,47.0,330.0,3.0,899.3,35.0,120.7,103.3,263.6,324.8,53.7,43.6,105.6
1191.9,1358.6,346.6,244.7,397.7,156.4,47.0,330.1,3.0,900.8,35.1,120.4,103.9,264.0,325.2,53.6,42.9,106.0
1193.6,1354.6,345.8,241.0,398.7,157.6,47.0,329.9,3.0,898.3,35.0,124.8,103.8,264.4,325.2,53.6,42.7,109.4
1161.1,1338.7,346.5,239.0,402.1,160.0,45.0,330.0,3.0,799.9,34.9,125.6,107.7,266.3,325.2,53.3,42.7,108.0
1162.5,1361.7,346.1,238.3,390.4,158.1,45.0,329.7,3.0,800.0,35.0,125.1,109.3,265.4,324.8,52.9,42.4,106.1
1219.4,1369.1,345.9,237.6,386.2,155.9,45.0,330.1,3.0,799.9,35.2,127.2,109.5,265.0,325.0,53.0,42.2,106.5
1161.3,1363.4,346.2,236.8,361.2,153.9,45.0,330.0,3.0,800.1,31.4,155.6,109.3,267.8,325.0,52.8,42.2,105.6
1179.1,1340.7,346.6,235.2,360.2,157.1,45.0,330.0,3.0,799.7,24.4,155.6,109.8,260.8,324.7,52.3,42.3,105.3
1168.8,1337.2,345.7,235.2,408.3,158.1,44.9,330.2,3.0,799.7,20.1,155.3,109.8,250.8,325.0,53.0,42.8,103.6
1184.3,1342.4,346.3,236.1,404.4,157.4,45.1,330.0,3.0,799.9,20.1,155.2,109.2,249.8,324.6,52.3,42.3,102.5
1158.8,1350.8,347.2,238.5,400.2,156.8,45.0,330.0,3.0,800.1,20.0,155.0,110.4,249.0,324.6,53.7,42.8,104.6
1184.1,1356.6,345.7,236.6,400.5,156.3,45.0,329.8,3.0,800.0,20.0,155.1,111.3,246.1,324.5,54.0,43.2,105.6
1183.9,1353.3,346.6,236.5,400.0,156.1,45.0,329.9,3.0,799.4,20.0,155.4,111.1,249.0,324.3,54.6,43.4,107.7
1166.6,1336.9,347.0,237.2,405.3,157.9,45.0,330.2,3.0,799.9,20.0,155.6,111.8,247.6,324.3,54.5,42.8,109.6
1181.8,1360.0,346.4,237.3,397.1,156.9,45.0,329.9,3.0,800.0,20.1,156.1,111.7,246.4,324.1,54.5,43.4,111.6
1182.6,1354.7,347.3,237.8,401.0,154.8,45.0,330.2,3.0,799.8,19.9,156.2,111.9,247.6,324.6,55.1,43.5,109.9
1160.9,1326.6,350.9,241.2,406.5,157.0,45.0,330.7,3.0,800.2,20.1,155.9,113.4,249.2,324.6,56.7,44.2,107.4
1140.8,1363.7,348.3,242.3,397.1,155.0,45.0,329.9,3.0,800.4,19.9,156.3,114.1,241.2,324.1,55.4,44.8,109.1
1173.2,1329.8,349.2,242.2,419.9,157.5,45.0,330.1,3.0,799.8,22.3,156.3,111.0,245.6,324.2,54.2,44.6,107.7
1139.1,1347.6,349.1,243.0,402.3,157.8,45.0,329.9,3.0,800.0,21.8,155.3,111.8,245.5,324.3,54.4,45.0,105.3
1152.4,1364.4,349.2,242.3,397.3,156.3,45.0,329.8,3.0,799.6,20.0,155.5,112.2,243.6,324.0,54.5,45.1,103.8
1166.3,1354.0,349.6,241.9,400.4,156.0,45.0,329.9,3.0,799.8,20.0,155.1,113.3,244.1,323.8,55.2,44.7,102.0
1163.9,1352.3,349.2,241.6,398.8,155.8,45.0,329.9,3.0,800.0,20.0,154.8,114.4,243.9,323.6,56.3,43.8,100.7
1153.5,1359.9,349.0,241.3,381.4,155.6,45.0,330.0,3.0,799.3,20.1,154.9,114.7,244.4,323.1,56.1,43.9,99.8
1157.6,1335.1,348.7,240.9,408.3,157.3,45.0,330.1,3.0,800.4,20.1,154.9,116.1,244.9,323.0,56.8,43.4,98.4
1134.5,1345.7,349.1,240.9,402.3,157.7,45.0,330.1,3.0,799.5,20.1,154.7,116.2,244.7,322.9,56.0,43.5,97.3
1155.8,1350.0,349.4,241.0,401.0,156.9,45.0,330.0,3.0,800.5,19.9,154.6,116.4,242.5,322.8,56.0,45.3,95.3
1159.2,1354.3,349.5,241.5,399.5,156.3,45.0,330.0,3.0,800.0,20.1,154.7,116.2,242.3,322.8,55.8,46.0,95.6
1157.1,1352.0,348.6,241.5,399.9,156.3,44.9,330.0,3.0,800.1,20.1,154.6,116.5,242.8,322.5,56.5,45.0,96.3
1140.0,1355.8,348.1,240.2,399.1,156.1,45.0,329.9,3.0,799.3,20.0,154.3,116.5,243.8,322.4,56.1,44.9,93.4
1151.4,1351.4,349.1,239.5,399.5,156.2,45.0,330.1,3.0,800.3,20.0,154.4,116.1,243.1,322.6,54.9,46.0,92.3
1151.7,1349.8,349.3,239.5,401.4,156.4,45.0,329.9,3.0,799.9,20.0,154.7,116.3,242.2,322.5,55.2,46.6,92.8
1154.1,1341.7,349.5,239.9,403.3,156.8,45.1,330.0,3.0,800.2,20.1,154.4,116.4,241.6,322.5,55.9,46.8,92.8
1152.9,1350.7,350.0,241.1,399.7,157.2,44.9,330.0,3.0,800.3,20.0,154.5,116.6,240.7,322.7,55.3,47.1,92.6
1135.0,1325.5,343.9,237.4,396.2,154.1,44.3,324.4,2.9,786.8,19.6,151.9,114.3,235.2,317.4,54.8,46.1,92.2
1154.8,1345.1,349.5,241.0,402.5,156.6,44.9,330.0,3.0,800.7,20.1,154.2,116.1,238.8,322.8,57.0,47.9,94.2
1137.8,1352.4,349.3,240.7,400.5,156.5,45.1,329.9,3.0,799.6,19.9,154.7,116.0,240.1,322.8,56.4,48.9,94.0
1159.6,1353.6,349.7,240.8,399.9,156.6,45.0,330.1,3.0,799.7,20.0,155.4,115.5,239.6,322.9,55.7,50.3,93.8
1162.3,1343.7,350.2,241.7,401.8,157.1,44.9,330.2,3.0,800.2,20.1,155.6,114.9,239.2,323.1,55.5,51.7,93.7
1142.1,1356.4,349.8,241.9,399.1,156.0,45.0,329.8,3.0,800.1,19.9,156.0,115.2,239.8,322.7,56.2,52.6,95.4
1166.3,1352.7,349.7,241.1,400.3,155.9,45.0,330.1,3.0,799.6,19.9,155.7,115.4,240.5,322.8,56.5,52.4,94.6
1153.1,1349.7,350.3,242.2,400.4,156.4,45.0,330.0,3.0,800.2,20.0,155.5,115.4,240.7,322.9,56.4,52.1,94.3
1137.9,1349.3,349.7,241.7,401.2,156.7,45.0,329.9,3.0,800.1,20.0,155.4,115.8,240.6,322.6,57.1,51.7,94.6
1160.2,1349.7,349.8,241.2,400.7,156.8,45.0,330.0,3.0,799.7,19.9,155.0,115.8,240.9,322.7,56.4,51.6,93.8
1141.6,1359.0,349.7,241.7,397.6,155.7,45.0,329.9,3.0,800.5,20.1,154.7,116.3,240.8,322.7,56.9,51.5,93.0
1152.3,1349.0,350.1,241.5,399.3,155.4,45.0,330.0,3.0,799.4,20.0,154.4,116.4,241.3,322.6,56.9,51.1,92.9
1147.5,1334.8,350.3,241.3,407.2,157.2,45.0,330.3,3.0,800.0,19.9,154.3,116.9,240.9,322.7,57.4,51.1,92.6
1117.4,1345.8,350.0,241.5,401.8,157.9,45.0,329.9,3.0,799.5,20.0,154.0,116.9,240.0,322.4,57.1,50.9,93.5
1137.5,1347.3,350.0,240.8,401.7,157.7,45.0,330.0,3.0,799.9,20.0,154.1,116.9,240.1,322.5,57.2,51.1,92.0
1154.0,1353.7,350.0,241.0,400.4,156.5,45.0,329.9,3.0,800.7,20.0,154.1,116.9,239.1,322.6,56.9,51.7,90.8
1154.8,1354.1,349.9,240.8,399.4,156.7,45.9,330.0,3.0,801.5,20.0,153.9,117.0,239.5,322.7,57.4,51.9,90.8
1123.7,1349.5,350.2,239.9,400.3,156.9,46.0,330.1,3.0,800.7,20.0,153.9,117.1,239.9,322.5,57.2,51.4,92.5
1144.4,1350.7,350.3,239.5,400.4,156.8,46.0,329.9,3.0,800.2,20.2,153.9,116.9,238.9,322.1,56.9,51.8,92.1
1149.2,1354.8,350.1,238.7,399.3,156.8,46.0,330.0,3.0,800.8,20.0,153.8,117.1,239.0,322.2,57.0,51.8,91.5
1142.2,1356.1,350.5,239.1,399.1,156.3,46.0,330.0,3.0,799.7,19.9,153.8,117.2,238.6,322.2,56.5,51.7,90.2
1144.1,1350.3,350.6,238.9,401.0,156.5,46.0,330.0,3.0,799.3,20.1,154.0,117.5,238.6,322.2,57.6,51.7,90.8
1130.7,1350.2,349.9,239.3,401.0,156.8,46.0,330.1,3.0,800.5,20.0,153.9,118.0,239.9,322.2,59.3,51.3,91.4
1146.8,1350.7,350.6,239.0,399.6,157.0,46.1,329.9,3.0,799.2,20.0,153.6,117.8,240.0,322.1,58.2,50.8,90.1
1129.4,1349.8,349.5,239.1,401.2,157.0,46.0,329.8,3.0,817.9,20.1,153.7,117.5,239.1,322.0,57.8,50.3,91.6
1153.8,1343.1,350.5,239.0,402.3,156.8,46.0,330.0,3.0,848.8,20.1,153.6,115.3,236.6,321.8,54.8,50.0,92.2
1126.9,1342.3,350.0,239.2,402.6,157.4,46.0,330.2,3.0,850.1,20.0,154.4,115.8,236.3,322.0,55.8,51.1,93.2
1164.9,1354.2,350.3,239.1,399.9,156.3,46.0,329.9,3.0,849.5,20.0,154.5,115.6,236.9,322.1,56.6,51.6,92.4
1143.2,1349.3,349.8,239.5,401.1,156.4,46.0,330.0,3.0,850.3,20.8,154.7,115.8,237.5,322.1,57.3,52.0,92.6
1131.3,1344.9,350.0,239.4,400.3,157.6,46.0,329.9,3.0,849.3,23.9,154.4,115.1,243.4,322.0,56.7,50.8,95.3
1128.6,1353.3,350.1,239.5,396.0,156.9,46.0,329.8,3.0,850.2,23.1,153.9,115.5,242.3,321.9,56.4,51.1,93.9
1150.9,1357.4,350.6,239.1,395.0,155.6,46.0,330.0,3.0,849.4,23.1,154.3,116.1,241.1,322.1,56.7,51.8,91.9
1160.1,1360.9,349.8,239.7,392.8,154.8,46.1,330.1,3.0,850.7,23.2,154.1,116.2,240.9,322.3,56.6,51.2,93.7
1142.0,1344.7,350.9,239.8,393.5,156.5,46.0,329.9,3.0,850.2,22.9,153.8,115.9,241.4,322.2,56.8,50.9,92.9
1122.0,1344.1,349.6,239.8,407.4,156.8,46.0,330.1,3.0,850.7,22.0,153.3,116.9,241.4,321.8,57.8,50.6,91.2
1130.0,1348.9,350.7,240.1,396.7,156.7,46.0,329.9,3.0,850.3,27.5,153.0,116.4,243.7,321.6,56.3,50.6,88.8
1113.4,1346.8,349.9,240.4,398.7,156.8,45.9,330.0,3.0,850.3,28.8,152.3,116.8,248.9,321.8,55.9,50.9,89.5
1114.1,1354.7,350.4,240.6,394.2,156.0,46.1,330.3,3.0,850.7,30.1,152.5,117.2,250.7,322.1,55.7,51.4,87.5
1105.2,1338.2,348.2,236.0,406.0,157.9,40.0,330.1,3.0,849.6,30.0,150.6,104.9,240.1,326.0,51.6,50.4,92.3
1101.0,1354.3,347.1,237.1,399.3,157.0,40.1,330.7,3.0,849.8,32.9,148.5,106.5,238.5,326.3,51.5,50.2,92.7
1124.4,1348.0,346.8,236.9,401.9,157.9,40.0,331.2,3.1,851.2,34.9,148.4,106.4,244.9,327.2,51.4,49.0,92.6
1110.0,1361.4,347.0,236.8,396.1,156.8,38.3,330.9,3.0,848.9,35.1,148.5,106.4,247.6,327.0,51.5,48.5,92.7
1146.4,1357.5,347.2,237.1,396.2,155.2,35.0,331.1,3.0,851.0,35.1,148.3,107.1,244.2,327.2,51.7,50.6,91.1
1077.1,1327.5,348.0,237.2,411.3,158.6,34.9,331.1,3.0,849.5,34.9,148.3,106.7,246.3,327.0,51.8,50.4,92.4
1101.8,1345.4,347.1,236.8,401.3,158.0,35.0,331.0,2.9,849.2,33.2,148.2,106.9,242.7,326.4,52.0,51.0,92.6
1113.4,1359.1,347.2,237.1,397.4,157.3,35.0,330.9,3.0,850.1,32.1,148.4,107.0,242.1,326.4,52.2,51.5,92.2
1130.4,1360.9,347.2,237.2,397.5,156.2,35.0,330.9,3.0,850.1,31.0,148.2,107.1,239.1,326.7,52.3,51.3,91.3
1120.6,1347.8,348.1,237.4,402.0,157.3,35.0,331.2,3.0,849.4,31.0,148.4,106.9,237.9,327.1,51.5,51.0,91.0
1105.8,1354.2,347.7,237.4,399.0,157.1,35.0,330.9,3.0,849.7,31.0,148.2,106.8,236.8,327.0,51.4,51.1,91.5
1121.2,1353.4,347.2,237.3,399.5,156.4,35.0,330.9,3.0,849.2,31.0,148.1,107.0,236.8,326.9,52.1,51.6,92.0
1104.0,1346.1,346.2,237.0,401.8,157.4,35.0,331.0,3.0,849.5,31.0,148.3,106.6,238.4,327.0,51.3,50.3,91.5
1130.1,1354.0,344.9,236.7,399.4,157.0,35.0,331.0,3.0,849.7,31.0,148.0,106.0,238.5,326.9,51.0,50.3,91.1
1145.6,1349.2,345.0,236.2,401.0,156.6,35.1,331.2,3.0,838.7,28.7,147.8,106.3,240.8,327.0,51.7,51.1,90.4
1129.5,1346.3,345.4,236.2,403.6,156.9,34.9,332.9,3.1,818.4,31.5,148.0,108.5,244.0,328.2,53.7,51.9,90.3
1125.5,1350.9,345.2,236.3,401.7,156.9,35.0,332.9,3.1,817.9,33.8,147.8,109.6,248.9,328.6,53.6,50.8,90.7
1130.6,1339.8,345.5,236.4,407.0,157.5,35.0,333.8,3.0,818.5,34.5,147.7,110.1,251.0,329.3,53.5,50.5,91.1
1117.0,1347.6,344.9,236.3,402.6,157.8,35.0,333.8,3.1,818.0,35.1,147.7,110.1,252.1,329.7,52.7,50.8,91.5
1149.4,1360.5,344.7,236.1,401.0,156.2,35.0,333.9,3.0,818.7,36.2,147.9,110.1,252.9,329.6,52.6,51.3,91.2
1138.0,1347.5,346.8,236.6,406.1,156.6,35.0,334.1,3.0,816.9,38.0,147.4,110.3,256.7,330.0,52.2,51.2,90.8
1102.7,1346.6,345.5,236.6,406.0,157.5,35.0,333.9,3.0,817.7,38.0,147.7,110.8,255.5,329.8,52.2,51.9,92.1
1135.2,1349.9,346.2,236.5,404.9,157.5,35.0,333.8,3.0,817.6,37.7,147.7,109.9,254.8,329.6,51.6,51.1,91.7
1121.4,1352.8,347.3,236.9,404.3,157.1,35.0,334.1,3.0,818.6,38.0,148.1,110.7,255.5,329.8,51.9,52.3,91.5
1096.4,1342.9,346.3,236.9,406.7,158.0,35.0,334.0,3.0,817.3,38.0,147.8,110.6,254.5,329.9,51.8,51.5,92.1
1118.2,1351.9,346.4,236.7,404.2,157.0,35.0,333.7,3.0,818.0,37.7,147.6,110.5,254.9,329.6,51.8,51.4,91.7
1119.7,1336.6,347.3,237.0,416.5,158.0,34.9,334.1,3.0,817.4,37.7,147.7,111.2,254.9,329.7,52.1,51.6,91.5
1071.0,1330.1,346.7,236.8,415.9,160.1,35.0,333.8,3.0,818.0,37.4,147.5,111.1,255.0,329.4,51.9,51.0,92.3
1098.3,1355.4,346.1,236.6,403.5,158.0,35.0,333.4,3.0,758.2,37.5,146.6,113.3,255.2,329.2,53.5,52.9,92.4
1163.9,1358.0,346.8,237.1,412.5,157.3,35.0,333.7,3.0,729.8,37.7,147.0,116.2,257.5,329.5,55.6,54.3,91.2
1097.0,1339.4,347.1,237.0,416.2,159.3,35.0,334.2,3.0,724.6,30.4,146.9,117.4,253.1,329.7,57.0,52.6,92.0
1118.9,1350.3,346.6,237.0,409.2,158.3,35.0,333.9,3.0,724.7,30.3,146.4,117.1,246.6,329.3,57.5,52.2,92.4
1105.4,1346.0,346.8,236.9,411.7,158.5,35.0,334.0,3.0,723.1,30.3,146.4,117.4,246.5,329.3,58.2,51.8,92.1
1119.6,1351.9,346.8,237.0,410.3,158.7,35.0,333.9,2.9,720.2,30.3,146.6,118.4,247.1,329.1,60.0,51.8,92.7
1118.2,1360.7,346.6,236.9,404.6,158.0,35.0,334.0,3.0,720.3,29.9,146.4,119.2,245.8,329.0,59.8,51.2,92.4
1148.5,1374.9,346.3,237.1,394.7,155.7,35.0,333.8,3.0,719.6,30.4,146.5,119.7,245.8,328.9,60.9,51.7,91.7
1114.7,1351.3,345.8,236.7,399.0,157.3,35.0,334.2,3.0,719.5,30.3,146.3,119.4,246.0,328.7,59.5,50.8,92.1
1128.7,1351.7,345.9,236.6,398.4,157.3,35.0,333.9,3.0,723.5,30.6,146.2,118.8,245.0,328.9,57.9,50.8,91.6
1120.7,1348.0,347.5,237.0,405.4,157.2,35.0,334.0,3.0,726.7,29.4,146.0,119.0,245.2,329.0,59.9,51.2,91.8
1103.4,1350.2,347.7,237.5,409.6,157.5,35.0,334.0,3.0,726.5,28.4,146.1,120.3,244.0,329.0,63.3,51.5,93.3
1115.1,1349.5,347.4,237.6,408.6,157.6,35.0,334.0,3.0,726.9,28.6,146.6,120.1,241.2,329.1,61.9,51.7,93.2
1102.6,1339.7,347.6,237.8,410.1,157.9,35.0,334.0,3.0,727.6,28.5,146.7,119.8,242.1,329.1,61.6,52.2,92.9
1108.8,1347.8,347.1,237.6,407.3,158.0,35.0,334.0,3.0,726.9,28.9,146.8,119.2,240.6,329.1,60.9,52.9,93.1
1129.5,1359.2,346.9,237.5,405.8,156.5,35.0,333.9,2.9,726.9,29.3,146.8,119.0,242.3,329.1,60.8,53.9,92.7
1128.3,1352.6,346.0,237.4,409.1,156.2,35.0,334.0,3.0,726.9,28.8,146.2,119.1,242.6,329.1,62.0,53.1,92.3
1132.6,1353.2,344.5,236.7,408.7,156.0,35.1,333.9,3.0,727.0,28.7,146.2,118.3,242.8,329.2,60.0,52.3,92.0
1126.6,1334.7,344.8,236.3,417.7,157.9,35.0,334.0,3.0,726.8,28.7,145.7,117.3,244.6,329.4,57.8,51.3,90.4
1131.1,1346.5,344.5,236.2,411.4,157.6,35.0,333.9,3.0,727.1,28.9,145.7,117.7,246.2,328.9,58.6,52.2,91.3
1145.2,1362.7,344.4,235.9,405.0,156.4,35.0,333.9,3.0,727.4,28.3,145.5,118.8,248.6,327.9,59.6,52.0,90.3
1147.8,1356.3,344.6,236.2,407.3,155.9,35.0,334.1,3.0,726.7,28.6,145.4,119.3,247.1,328.2,58.5,52.1,90.4
1130.2,1344.4,344.7,236.1,413.2,157.5,35.0,334.2,3.0,727.2,28.5,145.3,119.1,246.3,328.1,57.9,51.9,90.2
1127.6,1341.8,344.2,235.8,412.3,157.5,35.0,334.0,3.0,727.0,28.9,145.1,118.7,245.7,327.8,56.9,51.9,90.4
1137.1,1350.7,344.1,235.7,409.2,156.9,35.0,333.8,3.0,726.9,28.6,144.9,118.5,246.5,327.7,56.9,52.1,89.1
1142.3,1355.1,344.6,236.0,407.8,156.5,35.0,333.9,3.0,727.3,28.5,144.9,118.9,247.8,327.9,57.8,52.2,88.7
1131.6,1347.4,344.7,236.1,411.0,157.1,35.0,334.0,3.0,727.8,28.5,144.9,120.4,248.7,327.6,59.5,52.3,87.7
1129.8,1348.1,344.5,236.0,411.3,157.4,35.0,334.0,3.0,727.1,28.3,144.9,121.5,248.7,327.3,59.5,52.1,87.4
1123.8,1348.9,344.6,236.1,410.4,157.5,35.0,333.9,3.0,780.2,34.6,144.7,119.9,250.7,327.2,56.1,50.1,87.3
1120.7,1351.3,344.5,236.0,409.6,157.3,35.0,333.9,3.0,768.5,48.0,145.3,118.3,262.6,327.4,53.0,51.0,87.7
1119.2,1350.8,344.7,235.9,409.6,157.0,35.0,334.0,3.0,750.0,41.5,145.2,120.3,269.3,327.9,53.7,51.4,88.1
1117.4,1353.1,345.1,236.1,409.2,157.1,35.0,333.9,3.0,750.1,43.0,145.4,120.0,265.0,327.5,53.1,51.1,87.9
1112.9,1354.0,344.7,236.0,408.7,157.0,35.0,334.0,3.0,758.0,48.6,145.1,120.4,268.8,327.7,52.3,50.9,87.8
1092.6,1350.3,344.7,235.9,410.9,156.9,35.1,334.0,3.0,782.6,65.0,145.0,121.4,284.4,328.2,51.0,49.8,88.8
1078.1,1335.9,345.2,236.1,413.7,158.3,34.9,334.2,3.0,799.9,60.1,143.6,121.2,285.6,328.0,50.8,48.7,89.9
1075.5,1352.3,344.9,236.0,408.3,157.3,35.0,333.9,3.0,800.6,59.9,145.0,121.5,283.8,327.8,50.7,49.7,89.6
1126.1,1365.1,344.7,236.4,405.7,155.3,35.0,333.8,3.0,799.8,60.0,145.8,121.9,282.8,327.6,51.4,49.9,88.5
1079.3,1345.1,345.1,236.3,411.4,157.1,35.0,334.1,3.0,799.4,66.0,145.9,122.7,285.7,327.8,51.7,49.1,87.5
1069.1,1344.8,344.8,236.3,412.7,157.3,35.0,334.0,3.0,800.3,69.1,146.1,125.0,291.1,328.2,53.1,49.5,88.5
1094.1,1344.3,344.9,236.3,411.6,157.8,35.0,334.0,3.0,799.9,64.9,145.5,124.9,287.3,328.0,54.5,49.4,88.8
1090.1,1355.3,344.7,236.2,408.1,156.7,35.0,333.9,3.0,799.8,67.9,145.4,124.0,288.4,328.0,53.0,49.9,88.0
1089.5,1348.6,344.8,236.2,411.1,156.9,35.0,334.4,3.0,799.8,69.8,145.6,123.9,290.7,328.5,52.5,50.4,87.8
1057.7,1338.7,344.9,236.2,407.8,157.2,35.0,333.8,3.0,845.3,79.1,145.0,122.9,293.8,328.3,52.8,49.7,88.3
1035.2,1314.4,344.7,235.7,413.0,156.8,35.0,334.4,3.0,850.4,79.8,142.6,122.1,295.7,328.5,51.8,49.3,89.1
1144.4,1355.5,343.8,232.2,396.1,157.1,50.0,330.0,3.0,750.5,22.9,149.5,103.2,232.2,325.5,47.5,48.9,103.7
1154.1,1351.4,343.7,232.4,402.5,156.9,50.0,330.1,3.0,750.3,23.0,145.5,103.4,231.3,325.4,47.4,48.6,103.0
1152.0,1342.8,343.8,232.2,405.7,157.7,50.0,330.3,3.0,748.1,23.0,123.7,102.6,228.8,324.9,47.4,48.2,102.6
1163.2,1345.6,343.7,232.3,406.4,157.7,50.0,331.8,3.0,750.3,23.0,120.0,103.4,227.7,326.0,47.6,48.1,102.5
1163.0,1343.0,343.7,232.2,404.9,157.9,50.0,332.0,3.0,750.1,23.0,120.1,103.4,227.9,326.1,47.4,48.1,103.7
1170.2,1350.5,343.6,232.2,403.6,157.3,49.9,331.8,3.0,750.5,22.1,120.0,103.4,227.6,326.0,47.3,48.4,103.8
1207.0,1369.7,343.4,232.3,398.0,155.5,50.0,332.0,3.0,749.1,10.7,120.1,104.2,216.8,325.9,47.4,48.9,102.9
1186.7,1348.0,343.9,232.2,405.5,157.0,50.0,332.2,3.0,749.5,10.0,120.1,103.8,208.1,325.8,47.6,48.6,102.1
1171.8,1339.2,344.0,232.2,407.2,158.1,49.9,332.1,3.0,750.0,10.0,120.0,103.7,205.3,325.7,47.7,48.5,101.2
1175.8,1345.7,344.0,232.3,404.9,158.3,50.0,331.9,3.0,751.0,10.0,120.0,103.9,203.7,325.8,47.8,48.6,100.1
1171.4,1350.7,344.0,232.4,402.7,157.9,50.0,331.9,3.0,750.6,13.6,120.0,103.8,205.3,325.9,48.2,48.8,100.6
1170.4,1352.8,343.9,232.3,402.3,157.5,50.1,332.0,3.0,749.0,18.6,128.2,103.8,212.7,326.0,48.0,48.7,100.3
1150.9,1343.9,344.0,232.2,406.1,158.2,49.9,332.0,3.0,751.1,20.0,139.2,105.2,223.5,326.3,48.4,49.2,98.5
1126.7,1335.8,344.0,232.0,407.1,159.7,49.9,332.0,3.0,751.7,20.0,137.1,106.9,228.0,325.8,49.8,49.0,97.3
1180.0,1355.5,343.5,232.2,400.6,157.7,49.8,331.8,3.0,750.3,20.0,105.7,108.3,224.2,325.0,50.5,48.9,97.3
1236.6,1368.0,343.4,232.4,399.8,154.9,50.3,331.9,3.0,748.9,19.9,80.0,109.1,215.0,324.1,50.6,49.2,95.5
1194.3,1342.8,345.0,232.9,407.9,157.2,50.0,332.0,3.0,762.0,20.0,87.1,109.2,211.7,323.5,49.8,49.0,92.7
1160.7,1338.9,344.2,233.8,406.4,159.2,50.0,332.2,3.0,779.6,20.0,92.6,107.3,209.3,323.9,48.8,48.5,96.2
1205.7,1356.2,342.8,233.8,402.7,158.1,50.0,331.9,3.0,778.7,20.0,80.3,103.9,206.0,324.1,47.8,48.3,97.8
1241.2,1372.8,341.8,233.6,392.9,154.4,50.0,331.8,3.0,780.1,20.0,98.8,101.4,207.7,324.6,47.6,48.8,90.8
1176.9,1336.6,343.6,234.4,399.0,157.1,50.0,332.1,3.0,780.6,20.0,109.9,99.3,217.1,325.8,47.5,48.9,90.2
1143.7,1329.1,343.1,235.4,417.7,158.7,50.0,332.2,3.0,780.6,20.0,109.9,101.0,219.5,325.7,47.6,48.5,90.7
1156.1,1326.5,342.9,235.2,408.5,159.9,50.0,331.9,3.0,780.0,19.9,110.0,100.7,220.7,325.7,47.5,47.8,90.8
1157.3,1329.0,343.1,235.4,410.2,160.0,50.0,332.0,3.0,780.6,20.0,109.9,100.8,221.7,325.4,47.4,47.7,91.1
1159.1,1345.2,342.6,234.9,403.8,158.6,50.0,331.8,3.0,780.0,20.0,122.1,101.0,223.1,325.7,47.2,47.9,90.7
1174.5,1347.6,342.9,235.3,404.7,158.1,50.0,332.1,3.0,779.5,20.0,130.0,101.4,226.5,326.4,47.0,48.4,90.7
1155.2,1351.0,342.5,235.2,397.4,158.3,50.0,332.0,3.0,779.6,20.0,130.1,102.0,228.0,326.2,46.9,48.0,90.6
1195.8,1371.7,342.0,235.3,386.8,157.0,50.0,331.8,3.0,778.7,20.0,130.0,102.6,227.1,326.2,46.9,48.0,90.2
1167.4,1345.4,342.6,235.3,405.5,157.5,50.0,332.2,3.0,780.5,20.0,129.9,102.8,228.3,326.2,46.8,48.0,89.6
1149.2,1329.5,342.2,235.1,408.5,159.0,50.0,332.2,3.0,778.1,20.1,126.8,102.7,227.8,325.9,46.8,47.7,90.3
1105.6,1302.0,341.9,234.8,414.8,161.0,50.0,332.2,3.0,779.7,20.0,125.0,100.5,227.8,326.0,46.7,47.0,90.9
1153.5,1343.3,341.3,234.6,385.0,159.7,50.1,331.8,3.0,778.0,20.0,124.9,100.6,228.6,326.0,46.9,46.8,91.8
1217.6,1380.1,341.4,235.1,376.7,156.2,50.0,331.5,3.0,780.0,19.5,116.5,100.9,228.2,326.0,47.0,47.0,91.7
1220.7,1360.8,341.2,235.0,402.9,157.8,49.2,332.9,3.0,779.6,15.7,83.9,100.6,217.4,326.3,47.1,46.3,90.2
1216.4,1356.3,341.6,234.8,401.7,158.4,44.8,332.1,3.0,782.1,20.0,79.9,99.5,214.2,325.5,46.8,46.3,88.9
1225.2,1356.6,341.4,234.9,401.9,158.3,40.0,332.0,3.0,781.7,20.0,75.2,100.0,212.1,325.2,46.4,47.4,88.1
1226.5,1353.3,341.4,234.8,402.5,158.4,40.0,332.1,3.0,780.5,20.0,74.9,99.5,210.3,325.1,46.4,48.3,87.6
1210.2,1353.9,341.5,234.7,402.9,158.3,39.9,332.0,3.0,730.4,20.0,96.6,100.6,211.5,325.2,46.5,48.6,88.0
1200.5,1361.5,342.4,235.0,399.6,157.3,40.0,332.0,3.0,720.7,20.0,117.2,103.1,220.7,326.1,47.8,49.4,89.6
1199.8,1354.0,343.2,235.3,403.8,157.9,40.0,332.2,3.0,719.6,22.5,92.7,104.5,220.7,326.0,47.6,49.4,90.6
1210.3,1358.0,345.0,235.8,399.3,157.4,40.0,332.0,3.0,720.0,23.1,84.9,104.9,217.3,325.6,47.7,50.1,90.7
1190.7,1359.3,345.0,236.2,399.5,156.7,40.0,332.0,3.0,719.8,23.1,84.6,105.4,213.6,325.5,48.3,50.9,92.3
1209.9,1371.2,344.5,236.3,397.8,155.6,40.0,331.9,3.0,719.4,23.0,75.4,105.4,210.6,325.1,48.5,51.2,91.5
1202.0,1347.3,345.1,236.2,404.8,156.8,40.0,332.0,3.0,719.2,23.0,75.0,105.4,209.3,324.8,48.3,50.9,90.7
1189.8,1342.4,344.9,236.2,407.9,157.2,40.1,332.1,3.0,722.0,22.9,75.6,105.5,208.6,324.6,48.3,50.9,90.3
1172.9,1344.3,344.9,236.0,406.0,157.4,39.9,332.1,3.0,720.9,23.1,89.6,105.1,209.9,325.0,48.0,50.4,90.2
1182.3,1355.5,344.9,236.2,401.6,157.1,40.0,332.0,3.1,718.7,23.0,90.0,104.8,210.6,325.8,47.8,49.9,90.3
1178.5,1353.2,345.0,236.4,402.3,156.8,40.0,332.0,3.0,719.8,22.9,90.0,104.7,211.0,326.0,47.9,50.4,90.4
1181.2,1352.2,344.8,236.2,403.2,157.1,39.9,332.0,3.0,721.1,23.0,90.0,105.1,212.7,325.5,48.2,51.3,90.2
1179.4,1349.4,345.1,236.2,404.4,157.5,40.1,331.9,3.0,720.6,23.0,90.0,105.2,213.5,325.5,48.4,50.9,89.4
1162.2,1337.4,345.3,236.3,406.6,158.1,40.0,332.2,3.0,720.0,23.0,90.0,105.4,213.5,325.4,48.1,50.3,90.4
1171.6,1347.0,344.9,235.9,403.1,158.2,40.0,331.9,3.0,721.1,23.1,90.0,105.7,212.8,325.2,48.0,50.3,90.3
1170.5,1349.5,345.1,236.0,401.1,158.4,40.0,332.0,3.0,719.6,23.0,89.9,105.4,212.5,325.4,47.9,49.7,89.9
1184.2,1365.2,345.3,236.5,372.1,157.2,40.0,331.9,3.0,720.5,22.9,90.0,105.6,212.4,325.4,48.2,50.2,89.9
1181.9,1352.0,345.4,236.5,372.6,157.9,40.0,331.9,3.0,719.9,23.0,89.9,105.6,212.0,325.4,48.5,50.3,89.9
1157.6,1342.9,344.6,235.9,393.6,158.6,40.0,332.2,2.9,721.2,23.0,90.0,105.5,211.8,325.2,48.2,49.2,89.6
1193.0,1354.7,344.0,235.1,383.4,157.3,40.1,331.7,3.0,719.6,23.0,89.1,104.5,212.3,325.2,47.6,48.9,89.4
1176.3,1353.9,342.2,233.1,402.8,156.9,46.0,330.1,3.0,749.9,24.8,120.0,105.6,224.7,324.4,47.4,48.9,91.1
1155.1,1349.6,342.3,233.0,405.0,157.1,46.0,330.0,3.0,750.1,30.1,134.5,105.3,230.3,324.5,47.0,47.4,91.4
1134.6,1348.0,342.2,233.0,404.5,157.3,46.0,330.0,3.0,749.9,35.0,140.6,105.0,244.6,325.2,46.6,47.2,91.9
1142.0,1350.4,342.7,233.2,405.3,157.2,46.0,330.1,3.0,750.5,35.1,141.0,105.4,249.0,325.5,47.0,48.4,91.7
1140.7,1352.5,342.8,233.4,403.8,156.8,45.9,330.0,3.0,749.3,35.0,140.9,105.6,249.5,325.6,47.4,48.6,92.5
1134.8,1347.5,343.3,233.7,405.6,157.3,46.1,330.2,3.0,750.3,26.3,141.0,106.1,243.1,325.6,48.6,49.7,94.8
1126.1,1348.8,343.6,233.9,404.1,157.6,46.0,330.0,3.0,750.3,24.5,141.1,106.6,235.8,324.9,49.9,50.5,96.0
1142.3,1350.1,343.1,233.9,404.3,157.4,46.0,330.1,3.0,749.3,21.4,141.6,107.4,230.2,324.6,50.9,51.5,96.8
1154.5,1355.7,342.5,233.9,402.0,156.9,46.0,329.7,3.0,749.8,20.9,142.2,107.6,228.3,324.4,52.9,52.3,98.1
1176.0,1353.8,342.3,233.9,403.8,156.2,46.0,330.2,3.0,750.4,21.0,141.9,107.5,228.5,324.9,52.5,51.6,98.9
1165.9,1342.5,342.6,233.7,405.8,157.9,45.9,330.0,3.0,750.1,20.3,123.4,106.3,225.5,324.9,51.6,51.1,98.1
1200.1,1344.8,342.4,233.9,405.2,157.7,46.1,330.1,3.0,749.7,19.9,85.8,105.0,216.3,324.3,50.1,50.2,96.5
1214.9,1348.9,342.0,233.9,403.9,157.9,46.0,329.8,3.0,750.3,20.0,80.0,103.7,209.9,323.4,49.3,49.9,93.8
1228.9,1352.9,341.2,233.5,403.1,157.3,46.0,330.0,3.0,749.9,20.0,80.0,101.5,207.6,323.8,48.5,50.3,93.2
1228.8,1353.4,341.4,233.0,403.1,157.1,46.0,329.9,3.0,750.2,20.0,78.0,99.8,209.0,323.7,47.6,49.5,91.4
1217.7,1349.8,341.6,233.2,403.9,156.9,46.0,330.1,3.0,749.8,20.0,97.1,99.2,211.5,323.9,46.6,48.7,90.8
1207.2,1346.2,342.1,233.4,405.2,157.4,46.0,330.1,3.0,750.7,20.0,100.0,99.4,215.3,324.4,46.6,48.8,92.4
1198.3,1350.6,342.3,233.2,403.8,157.2,46.0,329.9,3.0,749.8,20.1,100.0,100.5,216.6,324.4,46.7,48.6,91.6
1212.4,1351.7,342.4,233.5,403.5,156.8,46.0,330.0,3.0,750.2,20.0,100.0,101.5,216.0,324.3,46.8,48.8,91.5
1186.5,1343.3,342.5,233.4,405.1,157.7,46.0,330.1,3.0,750.0,20.0,100.0,101.8,216.3,324.2,46.8,48.9,91.5
1205.0,1350.8,342.3,233.5,403.2,157.4,46.0,329.9,3.0,750.0,20.0,100.0,102.0,215.7,323.9,47.0,49.3,92.3
1202.5,1350.0,342.3,233.5,404.8,157.5,46.0,329.9,3.0,749.7,21.8,100.1,101.5,216.8,324.1,47.0,48.5,91.5
1187.3,1341.4,342.6,233.4,405.6,159.2,46.0,330.0,3.0,749.5,21.9,100.5,101.6,219.4,324.1,46.7,48.2,91.0
1204.5,1363.5,342.2,233.2,399.6,156.8,46.0,330.0,3.0,750.8,22.0,109.6,102.1,221.1,324.4,46.8,48.5,91.8
1197.8,1351.2,342.3,233.5,402.8,156.8,46.0,330.0,3.0,749.9,22.1,110.0,101.7,222.2,324.5,46.6,47.5,92.3
1198.9,1357.0,341.8,233.2,401.5,156.0,46.0,330.0,3.0,750.0,22.0,110.0,101.5,222.9,324.4,46.4,47.4,92.8
1189.3,1348.6,341.9,233.1,403.9,157.1,46.0,330.0,3.0,750.1,22.0,110.1,101.2,224.3,324.5,46.3,47.5,92.7
1200.8,1350.8,341.9,233.0,404.1,156.8,46.0,329.9,3.0,749.8,22.0,109.6,101.3,224.9,324.5,46.4,48.3,92.5
1196.0,1342.2,342.0,233.1,407.3,157.6,46.0,330.1,3.0,749.6,22.0,105.2,101.4,224.5,324.7,47.1,48.3,92.7
1189.1,1345.0,342.3,233.1,405.2,158.1,45.9,329.9,3.0,749.6,22.0,104.9,102.1,225.2,324.5,48.6,48.3,92.7
1212.6,1357.4,342.4,233.6,401.7,157.3,46.0,330.1,3.0,750.4,22.0,99.1,102.6,224.2,324.5,48.8,49.6,93.1
1226.4,1350.1,342.4,233.8,403.7,157.3,46.0,330.2,3.0,749.7,22.0,83.2,104.1,219.8,324.1,50.4,50.3,93.1
1221.3,1349.8,341.6,233.5,403.9,157.2,46.0,329.9,3.0,750.4,21.9,79.9,100.7,217.3,323.7,47.7,49.9,93.7
1230.1,1348.5,341.8,233.4,404.4,157.3,46.0,329.9,3.0,749.6,22.1,80.0,100.0,217.5,323.4,48.1,49.6,92.5
1226.1,1348.1,342.0,233.4,404.1,157.4,46.0,330.9,3.0,700.5,22.0,80.0,102.6,216.9,324.3,47.7,48.7,93.2
1232.4,1352.9,341.6,233.4,402.9,157.4,46.0,330.9,3.0,700.4,22.0,80.0,103.6,216.9,324.5,47.7,48.8,93.2
1229.6,1352.0,341.7,233.3,402.9,157.3,46.0,331.0,3.0,700.6,22.0,80.0,102.9,218.0,324.6,47.6,49.1,92.5
1230.2,1350.1,341.7,233.3,403.8,157.2,46.0,331.1,3.0,699.9,22.0,80.0,102.7,218.8,324.7,47.3,49.7,92.9
1226.6,1345.9,341.6,233.2,404.7,157.2,46.0,331.0,3.0,700.3,22.0,79.9,102.6,219.2,324.6,47.3,49.0,92.9
1227.7,1348.5,341.8,233.1,404.4,157.4,45.9,331.0,3.0,700.3,22.0,80.0,102.5,220.0,324.6,47.2,49.1,92.2
1228.4,1348.9,342.3,233.2,404.3,157.6,46.0,331.0,3.0,700.7,21.9,80.0,102.8,219.9,324.7,47.2,48.8,92.5
1217.9,1349.5,342.4,233.5,403.7,157.5,46.1,331.0,3.0,699.5,27.9,79.9,102.9,224.1,324.8,47.4,48.8,93.5
1207.9,1349.2,342.2,233.5,403.9,157.3,46.0,331.0,3.0,700.4,29.0,79.9,102.9,231.2,325.0,47.2,48.3,94.4
1225.8,1353.4,342.3,233.7,402.5,157.2,45.9,330.9,3.0,699.9,27.2,80.0,103.2,232.7,325.2,47.3,48.1,94.4
1223.6,1351.6,342.6,233.7,402.9,157.4,46.0,331.0,3.0,700.4,25.9,80.0,103.3,230.7,325.2,47.2,48.0,94.1
1217.7,1349.5,342.4,233.6,404.0,157.4,46.0,331.0,3.0,699.7,26.0,80.0,103.6,229.7,325.0,47.1,47.9,93.8
1220.6,1348.1,342.5,233.5,404.6,157.3,46.0,330.9,3.0,699.7,26.0,80.1,103.7,229.5,324.9,46.9,47.4,92.8
1213.6,1352.4,342.5,233.4,402.9,157.3,46.0,331.0,3.0,700.2,25.9,79.9,103.6,228.8,325.2,46.5,46.6,92.3
1224.9,1352.1,342.4,233.6,403.3,156.7,46.0,330.9,3.0,700.1,26.0,79.9,103.1,228.4,325.2,46.4,46.6,93.1
1223.6,1351.3,342.4,233.5,403.6,157.1,46.0,331.0,3.0,700.2,26.0,80.0,102.5,228.6,325.2,46.1,46.3,94.2
1214.1,1351.0,342.5,233.4,403.4,157.3,46.0,331.1,3.0,700.0,26.1,80.0,102.8,229.4,325.3,45.8,46.6,94.1
1225.9,1350.4,342.3,233.5,403.6,157.2,46.0,330.9,3.0,699.7,26.0,80.0,102.8,229.4,325.3,46.1,47.4,93.8
1228.3,1350.3,342.4,233.7,404.5,157.1,46.1,331.0,3.0,699.9,26.9,71.4,103.1,229.7,325.4,46.9,47.4,94.4
1221.7,1345.7,342.7,233.7,405.6,157.4,46.0,331.1,3.0,699.6,27.0,69.2,103.6,230.0,325.3,47.6,47.2,99.4
1229.1,1346.9,342.4,233.4,404.4,157.5,45.9,331.0,3.0,699.8,27.4,57.0,103.5,227.7,324.9,48.0,47.2,101.0
1251.0,1349.2,342.5,233.7,404.3,157.1,46.0,331.1,3.0,699.6,28.0,48.1,104.6,225.5,324.6,49.5,47.8,102.1
1251.7,1352.4,342.5,233.6,403.0,157.1,46.0,331.1,3.0,699.8,27.9,46.1,105.1,224.8,324.2,49.9,47.9,100.6
1246.6,1352.3,342.3,233.6,403.2,157.2,45.9,331.1,3.0,699.6,28.0,59.0,103.5,225.9,324.5,49.4,49.3,102.4
1235.7,1347.2,342.2,233.4,404.9,157.0,46.1,330.9,3.0,699.6,28.1,74.7,102.4,229.9,325.0,48.9,49.3,105.0
1232.7,1349.1,342.7,233.4,403.9,157.4,46.0,330.9,3.0,700.2,28.0,75.0,103.5,233.4,325.3,49.1,49.1,104.6
1228.5,1349.4,344.0,234.3,403.3,157.5,46.0,330.9,3.0,699.7,28.2,75.0,104.9,235.2,324.9,49.6,49.0,101.7
1206.7,1339.3,343.6,234.8,406.1,159.0,46.0,331.2,3.0,700.3,28.0,75.0,103.8,234.2,325.4,48.1,47.8,100.1
1210.5,1344.7,343.2,234.7,402.1,159.2,46.0,331.0,3.0,700.5,28.0,75.0,101.4,233.7,325.3,46.5,47.8,99.1
1234.8,1357.6,343.1,234.9,398.3,157.6,46.0,331.0,3.0,700.0,28.1,75.0,100.7,233.3,325.4,45.5,47.8,97.8
1230.5,1352.8,343.7,234.9,399.3,157.0,46.0,331.0,3.0,699.8,28.1,75.1,100.7,233.8,325.5,44.9,47.7,95.9
1220.3,1355.2,345.3,235.7,395.8,157.2,46.0,331.0,3.0,700.2,28.1,75.0,103.7,233.7,325.3,46.8,48.3,97.1
1205.0,1350.5,345.2,236.2,397.1,157.8,46.0,331.0,3.0,700.2,28.0,75.0,102.4,230.9,325.2,44.5,47.7,99.4
1218.6,1352.7,344.9,236.1,396.6,156.9,46.0,331.1,3.0,699.7,27.8,75.0,101.6,228.4,325.1,43.9,47.2,99.1
1223.3,1354.9,345.7,236.0,397.0,156.1,46.0,331.1,3.0,699.9,28.1,75.0,100.5,227.3,325.4,43.3,47.1,97.2
1195.6,1344.2,344.9,236.2,398.8,157.3,46.0,331.1,3.0,700.4,28.1,74.9,99.8,226.2,325.2,43.1,47.6,98.8
1207.5,1342.9,343.7,235.7,398.3,157.8,46.0,331.0,3.0,699.6,28.0,75.0,98.0,226.5,325.1,43.1,47.2,99.8
1226.3,1351.1,343.7,235.5,399.0,156.7,46.1,330.9,3.0,700.5,28.1,74.9,97.0,228.4,325.3,42.8,47.0,97.3
1214.5,1349.2,344.3,237.1,398.2,156.4,46.0,331.1,3.0,700.1,28.0,75.0,97.7,230.0,325.5,43.3,46.5,95.1
1208.3,1347.0,344.3,238.1,398.7,156.9,46.0,331.0,3.0,700.4,28.1,75.5,96.0,230.1,325.5,41.7,45.4,95.7
1204.9,1346.7,344.3,238.2,398.2,157.7,46.0,330.9,3.0,700.0,28.0,74.9,95.0,229.9,325.2,40.8,45.8,96.8
1222.5,1352.5,344.4,238.2,396.5,157.3,46.0,330.9,3.0,699.7,28.1,75.1,94.7,229.8,325.3,40.7,46.8,96.8
1223.1,1352.0,345.5,238.4,397.7,157.1,46.0,331.2,3.0,699.8,27.8,74.8,95.7,229.7,325.8,42.1,46.9,97.9
1204.8,1347.7,345.6,238.8,398.4,157.3,46.0,330.9,3.0,699.8,27.9,69.0,98.9,228.7,325.6,45.7,47.4,100.6
1220.3,1354.6,344.9,238.8,395.8,156.4,46.1,331.1,3.0,699.2,28.0,65.0,102.0,228.0,325.2,47.7,47.5,101.2
1229.0,1345.4,345.3,238.7,397.2,156.5,46.0,331.0,3.0,699.6,28.0,65.0,103.4,228.9,325.0,49.7,48.0,98.5
1221.8,1347.2,345.1,238.6,397.3,157.1,46.0,331.1,3.0,699.9,28.0,53.4,103.5,228.0,325.0,49.9,48.8,97.2
1233.3,1346.9,345.6,239.1,397.6,156.7,46.0,331.1,3.0,701.1,28.0,50.0,103.4,226.0,324.4,50.2,49.8,96.1
1229.3,1345.2,345.5,239.3,400.0,157.0,46.0,330.9,3.0,697.6,28.0,49.7,103.7,224.2,324.0,50.0,49.8,96.4
1246.4,1356.7,345.6,239.0,395.7,156.6,46.0,331.0,3.0,699.4,27.9,45.2,102.4,221.1,324.6,48.8,48.6,93.6
1236.6,1353.8,345.9,239.4,395.9,156.7,46.0,330.9,3.0,699.6,28.0,45.0,101.3,218.7,324.6,47.9,48.4,94.2
1229.3,1340.3,346.1,239.3,401.2,156.8,46.0,331.2,3.0,700.9,28.0,45.0,100.6,217.2,324.7,47.3,48.4,93.3
1226.2,1348.2,346.4,239.4,398.9,157.3,46.0,331.0,3.0,699.9,27.8,45.0,99.8,216.3,324.5,46.1,48.0,93.6
1225.2,1351.5,346.2,239.7,397.4,157.1,46.0,331.0,3.0,699.8,27.8,45.0,99.4,215.1,324.3,45.2,48.2,94.2
1231.4,1344.7,346.2,239.5,400.3,157.3,45.9,331.0,3.0,699.7,28.1,45.0,100.0,214.8,323.9,45.1,49.1,93.0
1226.9,1355.3,346.1,239.5,394.1,157.0,46.1,330.9,3.0,699.5,27.9,45.0,99.7,215.0,323.4,44.1,48.8,92.9
1243.8,1354.2,345.9,239.5,397.2,156.3,46.0,330.9,3.0,700.1,28.2,45.0,100.6,213.7,323.4,44.9,48.8,91.6
1218.7,1344.8,346.2,239.6,399.6,157.5,46.0,331.2,3.0,700.3,28.1,44.9,100.0,214.2,323.7,44.7,47.8,92.1
1231.9,1349.9,345.7,239.2,397.8,157.3,46.0,330.9,3.0,700.0,28.0,45.0,100.7,213.5,323.4,44.9,48.4,91.0
1236.8,1351.8,345.6,239.4,397.9,156.8,46.0,330.9,3.0,700.1,28.0,44.9,100.4,213.7,323.2,44.7,48.2,91.2
1228.2,1342.7,346.1,239.3,405.9,157.2,46.0,331.1,3.0,699.8,27.9,45.0,100.6,213.9,323.5,44.8,47.5,90.8
1222.6,1348.6,346.0,239.3,404.2,157.2,46.0,331.0,3.0,700.0,28.0,45.0,100.9,213.5,323.4,44.7,47.0,91.2
1234.2,1354.2,346.0,239.4,402.9,156.7,46.0,331.0,3.0,700.3,28.0,45.0,101.4,211.9,323.6,44.1,46.5,88.7
1232.1,1351.5,346.1,239.3,402.9,156.9,46.0,331.0,3.0,699.6,28.0,45.9,101.4,212.1,323.7,44.5,46.3,89.7
1219.4,1346.2,346.3,239.3,404.2,157.1,46.0,331.1,3.0,700.6,28.1,54.8,101.2,215.2,323.8,45.4,47.0,90.8
1218.9,1348.9,346.4,239.3,404.3,157.0,46.0,331.0,3.0,699.9,28.0,54.9,101.1,215.5,323.9,45.7,47.4,91.1
1210.2,1344.6,346.7,239.6,405.4,157.5,46.0,331.1,3.0,700.0,28.0,55.0,100.4,214.5,324.4,45.8,47.6,92.2
1214.0,1350.6,346.0,239.1,402.8,157.1,46.0,331.0,3.0,700.2,28.0,50.4,99.6,214.2,324.4,45.7,48.4,92.4
1258.2,1352.9,346.5,239.5,403.4,156.3,46.0,331.0,3.0,700.1,28.0,35.3,101.3,212.1,323.3,46.3,49.7,89.3
1218.7,1338.3,346.5,239.5,406.7,158.4,46.0,331.0,3.0,700.8,28.0,35.0,103.3,211.2,322.0,47.2,49.1,90.7
1227.9,1347.0,345.2,238.7,402.4,158.6,46.0,331.0,3.0,702.3,27.9,43.1,104.2,210.5,321.7,47.1,48.6,89.1
1259.4,1381.6,344.3,238.4,381.7,154.8,46.1,330.9,3.0,699.7,29.9,64.1,100.6,215.2,323.6,46.6,49.0,87.1
1218.1,1342.4,345.1,238.6,388.7,156.7,46.0,331.2,3.0,698.3,32.0,70.0,97.5,224.3,325.4,46.2,48.7,89.5
1199.6,1350.9,346.2,238.6,378.8,156.8,45.9,330.9,3.0,700.2,32.1,69.9,97.7,228.1,325.4,45.6,48.4,90.8
1205.9,1339.3,346.1,238.8,401.0,157.7,46.0,331.1,3.0,700.4,32.0,69.9,98.6,229.5,325.3,45.0,48.0,90.6
1187.3,1343.2,346.0,239.1,410.2,157.7,46.0,331.0,3.0,700.1,31.9,70.0,98.1,230.6,325.2,44.3,48.1,90.9
1204.6,1351.6,346.1,238.9,403.7,156.7,46.1,330.9,3.0,699.3,34.5,76.6,99.2,233.3,325.3,44.5,48.2,90.8
1196.3,1354.4,346.2,239.1,401.8,156.5,46.0,331.0,3.0,699.8,35.0,78.0,99.9,237.1,325.7,44.5,48.5,91.0
1182.0,1345.7,346.2,239.0,405.9,157.2,46.0,331.0,3.0,699.5,35.1,78.0,99.7,238.1,325.7,44.7,48.4,91.1
1197.2,1350.3,346.5,238.8,402.3,156.6,46.0,330.9,3.0,699.9,35.0,78.1,100.2,238.5,325.5,44.8,48.2,90.8
1179.4,1343.8,347.2,239.5,408.3,157.6,46.0,331.0,3.0,700.1,35.2,78.0,100.8,239.0,325.5,44.9,48.1,91.0
1176.0,1345.9,346.9,239.5,405.4,157.7,46.0,330.9,3.0,699.9,35.1,77.9,101.2,238.6,325.2,44.7,47.9,91.6
1199.8,1348.1,346.7,239.3,404.7,157.2,46.0,331.1,3.0,699.7,26.4,74.0,101.2,229.3,325.0,44.1,47.6,91.4
1212.4,1363.0,346.6,239.4,399.5,156.4,46.0,330.9,3.0,699.7,25.0,74.0,101.1,221.8,324.7,44.1,47.6,90.7
1214.0,1353.2,346.9,239.7,403.0,156.5,46.0,331.1,3.0,701.4,25.1,74.0,100.9,218.0,324.7,44.1,47.7,90.5
1191.1,1346.1,346.7,239.6,405.2,157.2,46.1,331.0,3.0,702.1,25.1,74.0,100.9,216.1,324.5,44.3,47.7,91.3
1203.1,1346.3,346.5,239.3,404.5,157.4,46.0,331.0,3.0,700.0,24.9,74.0,101.7,215.7,324.6,45.6,47.9,92.9
1199.6,1350.3,347.1,239.7,404.1,157.0,46.0,331.1,3.0,700.3,25.1,74.2,102.8,216.0,324.6,46.5,47.9,93.1
1197.4,1361.0,346.3,238.0,399.1,156.5,46.0,330.7,3.0,699.9,25.0,85.0,105.1,221.5,323.8,47.8,49.3,88.0
1215.1,1358.8,345.7,234.8,397.9,156.9,46.0,330.7,3.0,699.9,25.0,98.5,107.1,221.9,323.9,49.4,50.6,89.6
1213.3,1349.8,346.3,233.2,400.7,157.3,46.0,331.1,3.0,700.4,24.9,102.8,106.1,226.6,325.4,49.9,50.4,93.7
1202.3,1352.0,345.6,232.2,398.8,156.3,46.0,330.7,3.0,700.1,24.9,90.2,107.5,224.6,324.7,50.2,50.1,92.5
1214.4,1338.4,345.9,231.5,405.9,157.3,46.0,330.9,3.0,700.2,25.0,90.0,108.1,224.8,324.7,50.4,49.7,90.2
1188.5,1346.9,346.0,231.6,401.6,157.6,46.0,330.8,3.0,700.3,25.1,90.1,108.0,224.6,324.5,49.6,49.2,92.1
1217.5,1352.0,345.5,230.8,400.4,157.1,46.0,330.7,3.0,700.2,25.0,90.1,108.0,223.6,324.2,49.1,49.3,90.2
1189.8,1348.6,345.3,230.4,401.1,157.1,46.0,330.3,3.0,699.8,25.1,90.0,106.5,223.0,321.6,47.1,49.0,90.5
1143.6,1346.5,344.9,229.4,401.6,157.1,45.9,330.4,3.0,699.1,25.1,90.0,105.0,221.6,322.6,45.5,49.4,89.7
1149.9,1341.5,345.2,228.3,403.2,157.4,46.0,330.4,3.0,701.3,25.0,96.6,104.9,222.3,323.7,44.8,49.5,88.7
1173.4,1331.7,345.6,227.8,406.4,157.3,46.0,330.6,3.0,700.6,24.9,127.4,103.8,228.9,324.8,44.3,49.3,90.3
1181.6,1327.2,345.5,226.7,407.6,157.0,46.0,330.5,3.0,700.2,25.2,130.0,103.9,231.4,325.3,43.9,49.4,91.9
1181.9,1320.4,345.6,226.2,409.4,157.8,46.0,330.5,3.0,699.8,24.9,130.1,103.7,230.6,325.1,44.4,49.9,92.2
1178.8,1329.3,345.3,226.1,406.3,157.6,46.0,330.4,3.0,699.9,25.0,131.3,104.4,230.8,325.0,44.7,50.1,92.3
1179.5,1329.1,345.6,225.2,404.7,159.1,46.0,330.5,3.0,699.8,24.9,135.0,104.7,232.6,325.2,44.7,49.8,92.4
1178.2,1355.1,345.4,224.7,389.6,156.8,46.0,330.1,3.0,699.3,24.9,135.0,105.5,231.7,325.0,45.2,50.7,92.4
1178.1,1344.4,345.7,224.2,402.0,156.9,46.0,327.2,3.0,700.2,25.0,135.2,105.0,228.9,323.5,45.1,50.4,92.3
1099.2,1324.6,344.4,232.2,398.1,158.2,48.0,327.4,1.1,850.1,75.0,120.0,104.9,298.1,325.1,50.0,45.8,95.1
1108.4,1308.1,344.6,230.7,404.8,157.8,48.0,327.1,1.1,850.4,75.0,120.0,105.2,297.8,325.3,50.0,44.8,95.6
1117.7,1301.0,344.2,228.4,405.4,157.4,48.0,326.7,1.1,850.7,75.0,119.8,104.7,295.4,324.5,49.5,44.8,95.7
1123.2,1305.9,344.3,227.2,405.9,156.7,47.9,325.7,1.1,849.7,75.0,120.0,103.6,294.7,324.0,48.7,44.3,94.4
1128.6,1304.1,344.3,226.5,403.5,156.5,48.1,325.0,1.1,850.4,75.0,120.5,102.6,294.0,323.1,48.2,44.3,94.6
1126.5,1296.3,344.3,226.1,405.7,156.6,47.9,325.0,1.1,849.7,75.0,119.1,102.1,294.0,323.1,47.8,44.0,94.3
1089.3,1298.3,344.3,226.0,402.4,157.2,47.9,324.9,1.1,849.9,75.0,119.8,101.3,293.7,323.2,46.7,43.7,95.7
1089.7,1301.1,343.9,224.5,403.3,156.9,48.1,325.0,2.4,852.9,75.0,122.6,103.1,292.7,321.6,47.3,45.6,96.3
1080.3,1301.5,344.3,223.8,404.5,156.8,48.1,326.7,2.7,825.2,66.5,139.3,104.4,292.4,322.0,47.6,45.5,97.0
1085.2,1293.0,344.8,224.3,411.1,157.3,48.0,328.4,2.7,798.6,57.4,148.5,104.5,287.7,324.0,46.1,44.4,95.7
1078.3,1312.1,344.6,225.6,406.9,158.4,48.0,328.0,2.7,800.1,55.1,153.9,103.5,283.9,323.6,44.9,44.1,95.3
1095.5,1327.1,344.1,226.4,405.7,158.9,47.9,327.9,2.7,799.4,60.8,154.1,103.5,284.9,323.7,44.8,44.1,94.4
1103.5,1352.8,344.0,226.6,383.1,157.6,48.0,328.0,2.7,800.2,65.8,143.8,102.1,288.0,323.8,42.2,42.6,92.8
1106.2,1360.9,344.3,226.1,361.3,154.6,48.0,327.3,2.7,800.2,71.6,135.2,103.5,288.6,323.0,40.4,42.8,90.7
1115.5,1314.5,344.7,225.9,412.4,159.6,47.5,328.8,2.8,799.0,71.7,135.4,104.5,290.4,323.3,41.6,42.9,91.1
1115.0,1329.5,343.6,225.4,404.1,158.3,47.1,327.8,2.8,800.0,72.9,135.4,103.9,290.4,323.3,41.5,42.7,92.9
1075.4,1327.5,343.9,224.6,404.4,158.2,48.0,327.8,2.7,799.0,89.7,136.2,107.4,296.8,323.3,44.0,43.3,94.5
1064.4,1195.7,343.9,223.4,448.2,155.6,46.4,327.8,2.7,802.9,95.8,119.3,108.6,300.7,323.3,43.2,42.6,94.8
1038.7,1272.8,343.6,221.7,407.0,155.9,45.6,327.9,2.8,809.8,106.9,110.0,107.7,301.1,323.2,42.7,42.6,97.2
1002.6,1241.6,342.7,217.8,428.2,157.7,47.6,328.3,3.0,804.0,104.5,100.6,106.5,296.8,322.4,43.4,43.1,98.3
961.5,1230.0,345.6,219.9,437.8,156.7,45.5,327.7,2.9,803.5,94.9,104.7,105.7,295.2,322.0,44.8,43.2,98.5
989.6,1216.0,345.9,222.3,446.0,156.8,43.0,328.9,2.8,801.1,81.0,101.5,99.5,288.8,322.3,42.1,43.6,97.4
973.0,1242.3,347.2,224.2,434.4,159.2,46.2,324.7,3.0,749.9,72.9,117.8,102.3,282.8,319.8,47.7,44.8,97.0
983.1,1236.5,347.6,226.5,432.3,157.2,45.3,322.9,2.8,750.9,74.5,122.3,103.8,282.3,317.5,47.8,44.9,96.4
981.2,1235.0,347.1,227.8,414.7,153.8,46.3,323.5,2.9,749.6,83.3,121.3,105.4,285.4,317.5,49.2,45.9,96.5
677.2,1079.1,336.1,231.7,412.4,144.8,47.3,311.6,2.8,744.2,40.8,69.1,88.6,281.6,308.3,45.6,43.4,102.7
901.6,1043.9,345.4,220.6,489.0,157.6,46.0,327.4,2.8,693.7,30.8,66.0,79.5,246.0,311.7,40.0,43.5,94.6
961.8,1224.8,347.5,229.8,418.0,157.5,45.6,325.6,2.8,650.0,57.0,54.6,104.2,269.6,318.3,44.3,45.0,91.9
1030.1,1228.1,344.3,227.8,415.3,157.2,46.1,325.4,2.6,650.1,63.6,103.3,108.3,268.0,318.5,48.9,47.3,89.6
1021.9,1194.5,346.1,228.2,426.4,156.5,46.3,326.9,1.0,650.0,55.4,126.3,103.9,290.0,323.8,48.7,44.0,95.6
965.1,1233.9,348.9,229.2,409.8,157.0,46.0,326.5,2.0,680.9,48.0,132.7,103.2,288.6,323.7,48.9,45.5,102.1
1038.9,1266.4,347.7,230.3,406.8,158.0,45.9,324.9,3.0,699.7,41.2,143.7,104.1,272.1,319.6,49.0,48.0,98.5
1030.3,1278.1,348.6,230.4,399.6,157.4,46.0,324.8,2.9,699.8,55.0,150.8,108.1,278.0,319.8,50.3,48.2,96.3
1021.1,1275.0,349.3,230.6,400.1,157.6,46.1,325.0,2.9,700.3,55.0,149.8,109.8,278.6,320.1,49.9,48.1,95.6
1012.1,1276.0,349.1,230.9,401.5,157.0,46.0,325.1,2.8,699.9,55.0,149.6,110.5,277.3,320.3,49.8,48.3,97.1
1011.4,1273.1,348.1,230.8,400.8,157.0,46.0,325.1,2.9,700.5,55.0,150.2,110.2,277.2,320.2,49.7,48.2,96.7
1012.7,1272.9,348.2,230.6,402.2,157.2,46.0,325.0,3.0,700.1,61.6,150.7,110.6,279.8,320.0,50.0,48.1,95.1
1026.5,1298.2,348.0,230.6,393.9,157.5,46.0,324.7,2.8,699.9,70.4,144.8,114.8,289.5,320.3,50.4,48.1,94.8
1044.9,1305.2,348.1,231.0,391.6,156.8,46.0,325.0,2.7,700.3,70.1,143.4,115.4,290.1,320.7,50.4,48.0,94.4
1032.2,1301.0,348.2,231.2,393.1,156.6,46.1,325.1,2.7,699.9,70.0,142.5,115.5,290.5,320.9,50.3,48.3,94.6
1032.6,1295.3,348.1,231.0,400.0,157.4,45.9,325.1,2.8,699.9,70.0,143.9,115.5,290.8,320.7,50.5,48.6,93.0
1032.8,1303.8,348.2,231.4,398.6,156.9,46.0,325.0,2.7,743.5,69.8,144.0,114.7,290.7,320.8,51.3,48.6,94.8
1040.3,1297.9,348.4,231.4,400.2,157.0,46.0,324.8,2.7,800.1,70.0,144.0,111.4,290.5,320.7,52.4,48.8,93.4
1056.6,1298.2,348.2,231.6,400.1,157.1,46.1,325.3,2.7,800.3,70.0,144.9,110.7,289.7,320.8,51.3,48.8,94.0
1031.9,1308.2,347.9,231.3,396.0,157.2,46.0,324.9,2.7,800.3,70.2,145.3,106.6,289.9,320.8,47.9,48.5,93.8
1059.2,1321.9,347.7,231.4,392.3,157.3,45.9,324.9,2.7,801.1,74.4,146.5,107.2,291.5,320.7,48.4,49.4,93.1
1056.9,1325.1,347.6,231.4,388.7,157.0,46.1,325.0,2.7,799.5,76.9,145.4,108.3,293.9,321.0,49.0,49.8,93.5
1047.2,1340.6,347.6,231.3,373.8,157.2,45.9,324.8,2.7,799.7,81.7,143.3,110.0,296.4,321.1,49.6,50.1,93.0
1036.5,1285.9,348.6,231.6,393.5,154.5,45.2,318.0,2.6,782.2,73.7,139.5,109.2,295.7,321.2,48.4,49.1,90.4
1057.5,1341.9,343.4,229.7,409.4,157.5,48.0,327.2,2.5,800.2,55.3,147.6,120.2,250.1,320.2,56.2,46.9,96.3
1093.0,1352.2,342.5,229.1,399.2,156.7,49.9,326.9,2.5,800.2,59.7,144.6,115.3,228.8,321.0,52.1,46.9,95.6
1125.2,1357.1,344.3,229.5,402.3,155.1,52.0,327.2,2.5,799.6,69.6,145.8,111.4,254.4,318.2,51.2,46.9,85.1
1071.1,1342.5,344.7,229.5,410.5,156.3,50.0,330.2,2.5,800.1,55.5,147.3,118.2,269.4,323.4,52.2,49.1,98.2
1078.6,1342.5,343.5,229.4,406.1,158.5,50.0,332.2,2.5,800.6,49.9,87.6,117.6,252.4,324.7,51.8,48.4,96.8
1121.4,1343.0,343.9,229.7,404.8,157.8,50.0,331.8,2.5,799.4,49.9,118.2,116.2,242.9,322.2,50.1,46.2,88.1
1096.8,1365.7,344.6,231.0,397.6,155.9,50.0,331.9,2.5,799.7,53.1,148.7,115.8,248.8,323.8,48.7,46.3,94.2
1072.1,1353.5,344.1,230.5,405.5,156.2,50.0,332.0,2.5,800.6,61.1,148.8,115.9,254.6,324.3,48.0,45.3,97.0
1079.1,1352.3,343.8,230.0,404.5,155.7,50.0,332.0,2.5,801.3,60.0,148.9,116.4,257.0,324.4,48.0,44.9,97.1
1053.4,1337.5,343.5,230.2,407.0,157.1,50.0,332.2,2.5,799.7,59.8,148.7,117.9,257.8,324.4,48.5,44.8,96.0
1069.3,1341.7,343.2,229.3,406.3,157.2,50.0,331.0,2.5,800.3,60.0,148.2,120.8,255.4,322.8,50.2,45.0,91.6
1080.8,1358.5,344.1,228.9,400.7,157.0,50.0,330.8,2.5,782.1,60.0,148.3,122.3,252.7,322.1,50.2,44.8,88.5
1064.8,1350.7,344.5,229.5,403.9,156.9,50.0,331.3,2.5,720.7,59.8,148.4,125.4,252.6,322.5,52.7,44.9,93.3
1053.3,1349.5,343.2,230.0,403.2,157.0,50.0,331.0,2.5,700.1,55.6,147.2,125.3,250.1,321.8,49.8,43.7,93.3
1092.2,1353.7,341.2,229.7,401.3,156.2,49.9,331.1,2.5,699.4,55.3,146.3,123.4,247.4,322.6,46.1,44.7,91.7
1090.9,1347.1,342.5,230.1,405.9,156.5,50.1,331.2,2.5,699.9,60.8,146.2,121.5,249.1,323.0,44.0,45.2,90.7
1054.6,1344.2,342.6,230.5,405.2,157.1,50.0,331.0,2.5,700.2,65.2,147.7,122.2,253.9,323.1,44.4,45.6,92.9
1066.1,1354.7,342.2,230.7,401.2,156.3,50.0,330.9,2.5,699.8,65.1,148.1,123.0,257.0,322.9,44.8,45.1,93.9
1073.3,1348.6,342.7,230.7,406.0,156.6,49.8,331.0,2.5,699.8,65.0,148.3,123.5,258.2,323.2,44.7,44.3,93.9
1050.2,1350.9,343.3,230.7,403.5,156.3,50.1,331.0,2.5,699.7,70.6,148.2,124.4,259.9,323.3,45.7,44.1,94.6
1055.0,1353.4,343.4,231.3,404.2,155.5,50.0,330.8,2.5,766.0,72.8,148.4,126.6,264.4,323.7,52.3,44.8,96.7
1048.6,1350.2,343.0,231.1,404.7,156.5,50.1,331.1,2.5,901.7,69.9,148.5,123.9,264.6,323.5,57.1,43.6,97.5
1061.4,1348.7,340.6,231.0,401.3,156.2,50.0,331.2,2.5,949.1,69.8,147.8,121.6,264.7,324.1,59.3,43.8,97.8
1066.8,1329.6,340.2,230.5,412.1,158.9,50.0,331.4,2.5,896.8,70.0,148.6,111.9,269.2,326.1,57.5,45.0,95.4
1101.8,1358.0,341.1,230.5,393.4,156.8,48.2,330.9,2.5,851.2,58.6,146.0,110.5,277.0,326.7,58.1,46.7,94.2
1114.9,1333.7,342.1,231.2,401.3,158.5,48.0,331.1,2.5,851.4,51.4,147.0,108.5,273.9,326.9,57.4,47.6,94.0
1104.4,1350.0,340.5,230.8,407.2,158.1,48.0,331.0,2.5,849.4,50.0,147.7,107.2,270.3,327.1,56.5,47.2,93.4
1130.6,1350.0,341.0,230.7,403.1,158.0,48.0,331.0,2.5,849.8,49.9,147.6,105.8,270.1,327.3,55.9,46.7,92.5
1120.0,1346.6,340.7,230.7,405.4,157.9,48.0,330.6,2.5,851.2,49.9,146.4,105.5,269.9,326.9,55.6,45.9,91.9
1134.6,1346.7,340.6,230.5,403.6,158.0,48.0,331.0,2.5,849.9,50.1,145.5,104.8,269.9,327.1,54.6,44.5,91.3
1126.0,1355.7,340.5,230.5,399.1,157.7,48.0,331.0,2.5,850.2,49.9,144.9,104.4,270.1,327.1,53.6,43.9,91.8
1139.2,1354.3,340.7,230.7,402.3,158.2,48.0,330.9,2.5,849.7,49.9,144.9,103.7,270.1,327.2,52.7,43.2,92.0
1120.7,1347.5,340.9,231.1,408.2,158.2,48.0,331.1,2.5,849.8,50.7,145.0,103.2,269.9,327.2,52.1,42.8,92.1
1119.2,1344.7,340.7,231.0,405.3,158.1,46.8,331.1,2.5,849.9,50.3,144.6,103.7,270.8,327.4,52.1,42.1,91.4
1130.7,1352.0,339.9,230.9,402.0,158.0,45.0,331.0,2.5,849.1,50.0,144.7,103.3,269.9,327.4,51.3,42.0,91.6
1135.1,1337.0,340.3,230.9,409.0,157.9,43.9,331.1,2.5,857.5,49.9,142.8,99.8,270.0,327.5,47.9,41.3,90.6
1123.7,1354.7,340.0,230.9,400.7,158.2,43.0,331.0,2.5,850.9,52.9,142.0,100.0,269.4,327.5,48.6,43.6,90.1
1134.6,1360.7,339.7,230.4,399.2,158.0,44.6,331.0,2.5,849.8,54.9,141.0,99.9,271.8,327.5,48.4,45.6,89.9
1140.3,1354.6,340.7,230.6,401.8,158.0,45.0,331.0,2.5,851.2,55.0,139.7,99.6,273.7,327.6,48.3,45.6,89.8
1132.7,1356.0,340.4,230.9,397.2,157.6,45.0,330.9,2.5,849.1,54.9,139.9,99.7,273.3,327.5,48.0,44.9,90.8
1129.0,1338.4,340.3,230.6,406.2,158.0,45.0,331.1,2.5,849.5,52.7,140.6,99.7,272.8,327.5,48.2,44.1,90.3
1118.4,1357.5,340.3,230.8,393.9,157.6,45.0,330.9,2.5,850.5,53.1,140.0,100.6,273.0,327.4,48.5,43.6,90.4
1136.7,1347.4,340.7,230.4,390.0,158.1,45.0,331.0,2.5,849.3,52.9,140.4,100.2,272.5,327.3,48.5,43.6,90.7
1119.6,1349.8,340.4,230.4,394.3,158.4,45.0,330.9,2.5,851.2,52.7,140.9,100.2,271.9,327.2,48.4,43.6,91.1
1139.8,1362.9,339.9,229.1,378.6,157.7,45.0,331.0,2.5,850.9,50.5,145.3,100.3,271.0,327.3,49.1,44.0,90.5
1142.0,1350.2,340.9,229.3,379.2,158.1,45.0,331.1,2.5,849.3,49.8,150.5,100.3,271.1,327.7,49.2,44.3,90.6
1130.0,1338.5,341.1,230.5,398.8,158.6,44.9,331.2,2.5,850.5,50.0,151.4,101.0,270.8,327.9,50.4,44.7,91.8
1118.7,1350.5,339.8,230.2,401.5,158.7,45.1,330.9,2.5,849.6,49.9,151.8,101.7,270.2,327.6,51.9,45.0,91.6
1155.4,1368.7,337.4,229.3,383.2,156.6,45.0,331.1,2.5,850.2,50.0,151.7,103.9,271.6,327.6,54.8,46.3,91.6
1152.3,1343.4,339.1,229.1,380.6,157.5,45.0,330.8,2.5,850.2,49.9,151.1,102.4,274.8,327.9,54.4,46.6,88.6
1110.7,1325.7,339.6,230.6,416.8,158.6,45.0,331.5,2.5,849.9,50.0,150.4,101.9,275.4,328.4,53.6,46.5,90.7
1142.5,1345.7,338.2,229.4,404.9,158.2,45.0,330.8,2.5,850.4,49.9,149.8,100.8,273.9,327.6,52.3,46.8,89.7
1138.3,1354.1,339.0,229.2,399.7,158.0,45.0,331.1,2.5,850.6,50.0,149.4,100.3,274.4,327.9,52.1,45.9,89.3
1125.3,1347.8,339.2,229.3,403.4,157.9,45.1,330.3,2.5,811.5,50.0,148.3,101.9,274.0,326.9,51.5,45.6,89.3
1138.2,1349.4,339.0,230.3,400.6,157.9,45.0,329.6,2.5,800.0,50.0,147.9,101.7,273.3,326.2,50.6,45.3,90.5
1132.1,1350.0,338.3,230.5,401.2,157.6,45.0,329.8,2.5,799.8,49.9,148.0,100.7,272.3,326.1,49.2,45.2,89.9
1123.1,1347.5,338.9,230.4,402.9,157.9,45.1,330.0,2.5,800.0,50.1,147.9,100.4,272.8,326.5,49.1,45.3,89.1
1133.1,1340.1,339.3,231.0,410.6,158.3,45.0,330.2,2.5,799.4,50.1,148.2,101.0,273.3,326.7,49.5,44.7,90.1
1138.9,1355.3,338.6,231.0,400.5,158.2,45.0,329.9,2.5,800.6,50.3,148.4,101.1,272.8,326.4,49.3,44.6,90.4
1135.8,1359.8,338.7,230.5,400.4,158.0,45.3,330.1,2.5,800.6,56.1,149.7,102.5,283.4,326.8,49.9,45.8,89.0
1134.5,1357.0,339.0,230.4,401.6,157.9,48.0,330.0,2.5,801.1,62.5,144.7,103.0,294.3,326.5,49.0,45.0,88.2
1118.9,1354.8,339.3,230.5,402.2,158.0,48.0,329.9,2.5,799.5,63.0,140.5,103.9,296.5,326.5,48.8,45.2,87.8
1121.2,1348.3,339.2,231.0,406.2,158.2,48.0,330.1,2.5,800.4,62.9,141.0,103.5,296.2,326.5,48.5,45.3,88.2
1099.9,1333.5,339.7,232.1,409.2,157.8,48.1,330.2,2.5,798.0,60.1,142.4,109.4,295.6,326.6,56.3,44.3,90.8
1113.8,1348.7,339.1,232.9,399.1,157.7,48.0,329.8,2.5,800.7,55.7,146.0,109.9,294.1,326.1,55.0,43.6,91.5
1132.4,1343.4,339.2,233.3,400.8,158.1,48.0,329.9,2.5,801.1,48.2,150.7,106.0,287.5,326.4,53.8,44.4,91.9
1130.4,1342.9,339.6,233.6,406.5,158.4,47.9,330.2,2.5,800.3,44.7,152.5,104.7,283.2,326.5,53.8,45.1,92.9
1156.8,1367.8,340.8,234.3,399.1,157.8,48.0,329.8,2.5,800.4,39.0,152.1,104.8,275.6,326.3,53.8,46.6,93.0
1170.8,1360.6,342.3,235.4,399.8,157.9,48.0,330.1,2.5,813.7,33.2,151.7,103.1,265.9,326.3,52.0,47.4,91.5
1150.5,1358.5,341.1,235.7,405.8,158.0,48.0,330.8,2.5,801.0,34.6,151.7,101.9,259.8,326.9,50.8,47.9,92.1
1151.2,1359.0,340.0,235.5,400.8,158.3,48.0,331.0,2.5,798.9,33.6,151.8,98.9,258.4,326.9,49.1,47.9,102.3
1172.2,1362.0,339.5,235.5,398.9,157.5,48.1,330.9,2.5,799.6,30.2,152.1,98.3,257.2,327.2,48.2,47.4,104.3
1161.5,1352.7,339.6,235.1,403.1,158.2,48.1,331.1,2.5,799.4,29.8,151.9,99.0,257.0,327.4,49.0,47.4,104.6
1156.2,1352.4,339.1,234.2,405.2,158.4,48.0,331.0,2.5,784.0,27.8,151.9,101.3,255.9,327.1,50.8,47.5,105.9
1169.7,1354.2,339.5,233.6,403.1,158.1,48.0,330.8,2.5,775.3,27.3,152.1,103.4,256.7,327.0,52.0,46.4,105.7
1164.2,1351.7,339.0,233.6,402.5,157.8,48.0,331.0,2.5,774.2,27.1,151.9,103.5,255.4,327.0,51.5,45.5,106.6
1168.2,1350.3,339.2,233.3,403.2,157.9,46.8,331.0,2.5,774.8,27.4,151.7,103.4,256.0,326.8,51.5,45.9,104.1
1161.2,1348.8,339.3,233.6,404.4,158.5,46.0,331.0,2.5,774.9,27.5,151.8,103.2,256.2,326.8,51.2,46.8,105.2
1176.1,1349.9,340.3,233.8,398.4,157.7,46.0,330.5,2.5,749.8,23.8,152.1,109.3,252.1,326.1,54.8,43.9,99.0
1126.6,1356.6,341.2,233.7,324.9,151.1,46.1,330.1,2.5,749.9,24.1,152.0,109.3,252.3,325.5,55.4,44.5,99.6
1183.2,1330.3,343.6,234.7,391.6,153.9,46.0,330.4,2.5,750.1,23.9,151.8,109.9,249.5,325.8,55.6,46.9,99.8
1153.1,1333.3,343.6,236.3,408.2,156.9,46.0,330.7,2.5,791.9,24.1,151.8,109.2,245.7,326.1,55.5,47.2,102.9
1146.3,1336.6,343.1,237.4,395.0,157.2,46.0,330.3,2.5,799.5,24.1,151.8,108.2,243.2,325.7,55.6,47.9,99.8
1119.0,1330.8,343.5,238.1,413.8,158.5,45.9,330.8,2.5,799.8,24.0,151.5,107.6,244.6,326.2,55.5,46.9,99.7
1147.9,1352.7,343.9,239.0,400.9,158.0,45.0,330.7,2.5,800.2,25.5,151.7,108.0,244.0,326.1,55.7,47.5,98.7
1168.4,1365.6,343.7,238.5,395.2,157.7,45.0,330.9,2.5,799.9,25.5,151.9,108.6,245.4,326.6,55.8,47.3,102.0
1150.9,1357.3,342.7,237.1,398.5,156.9,44.5,330.5,2.5,799.9,26.0,152.0,108.3,245.2,326.1,55.8,46.7,100.3
1158.2,1356.8,343.7,236.7,398.0,157.4,43.3,330.1,2.5,800.1,25.6,152.0,107.5,247.3,325.8,55.6,46.8,98.6
1165.2,1355.7,343.3,235.4,399.5,157.8,43.0,330.0,2.5,800.1,25.9,152.2,107.9,245.0,325.7,55.9,47.7,98.7
1153.2,1360.8,343.1,234.2,396.3,157.0,42.1,329.9,2.5,799.9,25.9,152.0,107.3,246.4,325.7,55.6,48.0,99.5
1154.5,1343.6,343.1,233.7,403.9,157.7,42.0,330.1,2.5,800.3,26.0,151.9,107.3,247.2,325.8,55.5,48.2,97.2
1153.7,1349.5,342.7,233.6,401.4,157.9,41.9,330.0,2.5,800.3,26.0,151.9,107.3,247.7,325.7,55.5,48.2,96.7
1153.3,1354.6,342.4,232.9,398.2,157.2,42.1,329.9,2.5,800.4,26.0,151.8,106.9,247.8,325.8,55.3,48.2,94.9
1160.0,1351.5,342.7,232.8,399.4,157.3,42.0,330.0,2.5,799.8,26.0,151.8,107.0,248.8,325.9,55.4,48.2,94.7
1160.9,1346.5,342.7,232.7,403.1,157.6,42.0,330.1,2.5,800.0,26.1,151.8,106.6,248.7,325.8,55.0,47.7,95.3
1150.8,1351.9,342.7,232.5,399.4,157.7,42.0,330.0,2.5,800.0,25.8,151.7,106.5,248.0,325.8,54.8,47.9,95.3
1156.2,1351.0,342.6,232.7,400.3,157.2,42.1,330.1,2.5,799.7,24.9,151.6,106.6,247.3,325.9,54.8,47.9,94.8
1156.6,1348.6,342.5,232.2,402.7,157.8,41.9,329.8,2.5,800.3,24.5,152.0,105.9,246.2,325.7,54.7,48.0,95.7
1161.8,1349.4,342.2,232.0,400.3,157.8,42.0,330.0,2.5,800.0,24.5,151.5,105.0,246.3,325.9,54.2,47.7,96.3
1146.6,1349.2,342.2,231.6,401.4,158.3,42.0,330.0,2.5,800.2,24.5,151.6,105.1,246.9,325.8,54.3,47.7,95.2
1156.7,1338.5,342.8,231.8,404.2,159.6,42.0,330.1,2.5,799.6,24.3,151.4,105.0,247.8,326.1,54.4,47.4,95.9
1171.7,1345.4,343.0,232.1,400.7,159.9,42.0,330.0,2.5,799.7,29.6,151.5,105.0,253.0,326.1,54.7,47.4,97.6
1187.2,1370.9,343.3,232.0,395.2,156.6,42.1,329.8,2.5,800.3,25.8,151.5,106.5,251.4,326.1,54.9,47.7,98.1
1199.1,1353.8,345.2,232.5,399.2,156.0,42.0,330.2,2.5,799.7,25.4,150.3,106.8,245.7,326.2,55.4,47.7,99.0
1194.6,1342.5,345.1,232.4,403.7,157.8,42.0,330.8,2.5,800.3,26.3,150.4,107.3,243.7,327.0,55.4,48.5,101.2
1170.0,1349.7,344.2,233.0,401.7,157.4,43.5,330.7,2.5,799.5,25.1,150.5,107.8,243.4,326.9,55.8,48.6,101.1
1138.1,1334.0,345.0,234.7,406.1,157.8,44.0,331.1,2.5,800.0,23.0,150.0,107.4,242.0,326.9,55.9,47.3,99.0
1125.4,1349.4,344.7,236.6,400.7,157.5,44.0,331.0,2.5,800.2,24.4,150.1,107.6,240.7,327.0,56.1,47.1,98.5
1139.5,1350.4,344.1,236.6,401.1,157.7,43.9,330.8,2.5,800.2,25.0,150.2,108.1,242.8,326.9,57.2,47.2,98.4
1163.4,1361.8,343.7,235.4,397.3,158.0,42.6,330.9,2.5,799.8,24.1,150.8,111.4,244.8,326.5,59.5,47.3,106.7
1159.5,1351.9,344.1,233.8,399.6,158.0,42.0,331.0,2.5,799.5,24.0,150.7,112.1,243.3,326.3,59.1,46.8,107.1
1168.3,1361.3,343.8,232.5,397.7,157.3,42.0,330.4,2.5,799.9,24.5,150.9,112.4,241.8,325.9,59.2,47.7,106.3
1176.4,1356.9,343.9,230.8,397.8,157.3,42.0,329.9,2.5,799.7,25.0,150.8,111.9,241.6,325.1,58.7,48.2,106.7
1169.4,1352.2,344.2,230.0,400.0,157.1,42.0,330.1,2.5,800.7,25.8,150.8,112.1,242.3,325.3,58.5,48.9,107.1
1186.8,1348.5,344.6,229.9,402.0,157.1,42.0,330.0,2.5,800.0,26.6,150.7,112.0,242.7,325.3,58.4,49.4,109.3
1165.2,1351.3,345.2,230.1,400.4,157.7,43.4,330.1,2.5,799.7,26.6,150.8,112.6,243.2,325.3,58.6,49.6,111.9
1150.4,1349.4,345.3,230.1,401.0,157.4,44.0,330.1,2.5,799.7,25.9,151.0,112.6,242.3,325.3,58.8,49.1,110.8
1148.1,1350.0,345.2,230.2,400.6,157.5,44.0,329.8,2.5,799.9,26.1,150.8,112.3,241.9,325.1,58.4,48.9,111.4
1153.2,1350.1,345.3,230.1,400.1,157.7,44.0,330.1,2.5,799.9,25.9,150.8,112.3,241.8,325.1,58.5,48.9,110.7
1154.8,1351.6,345.3,230.2,400.7,157.1,44.0,330.0,2.5,799.2,25.9,150.8,112.5,241.5,325.1,58.7,49.1,110.3
1145.6,1345.8,345.5,230.2,402.4,157.9,43.0,330.1,2.5,800.0,26.2,150.6,112.4,242.0,325.1,58.5,49.0,110.1
1144.4,1347.8,345.3,230.2,401.2,157.5,43.0,330.0,2.5,800.9,28.0,150.3,112.5,243.4,325.2,58.3,49.2,110.0
1154.5,1353.0,345.3,230.2,400.6,157.4,43.0,329.8,2.5,800.7,28.0,149.4,111.5,244.1,325.1,57.7,49.0,109.7
1155.3,1349.6,345.2,230.1,400.6,157.7,43.0,330.2,2.5,800.1,26.6,149.9,111.6,243.3,325.5,57.7,48.7,109.8
1138.1,1346.6,345.3,230.1,402.5,157.8,43.1,330.1,2.5,800.7,26.1,150.1,112.2,243.0,325.2,58.4,48.5,109.7
1165.6,1350.8,345.7,230.2,401.0,157.9,43.0,329.9,2.5,799.7,24.4,149.9,111.5,235.8,324.8,58.8,48.5,109.2
1161.3,1357.3,345.6,230.3,397.7,156.1,43.0,330.0,2.5,800.1,24.0,149.9,112.4,239.1,325.1,59.4,49.9,110.8
1144.3,1343.2,345.9,230.6,403.2,157.8,43.0,329.2,2.5,800.0,24.6,146.9,112.4,239.1,324.5,59.5,49.5,111.7
1166.4,1348.8,345.0,230.4,401.1,158.0,43.0,328.4,2.5,800.1,25.1,146.7,111.8,238.8,323.6,59.7,48.7,111.7
1172.3,1356.9,345.2,230.2,397.6,157.3,43.0,328.4,2.5,799.7,25.1,146.6,111.5,240.3,323.8,59.7,48.1,111.2
1174.9,1347.2,345.7,230.5,400.1,156.7,43.0,328.6,2.5,800.4,25.0,146.5,112.0,240.7,323.9,59.9,47.9,111.9
1141.8,1339.5,345.5,231.0,404.9,158.0,43.0,328.6,2.5,800.3,24.8,146.0,112.3,241.0,323.7,59.7,48.0,109.5
1164.9,1347.1,344.8,231.1,402.0,158.5,43.0,328.3,2.5,800.1,24.0,146.3,112.6,239.9,323.5,59.8,48.2,108.2
1173.9,1352.4,345.0,231.0,399.9,158.4,43.0,328.5,2.5,800.3,24.0,146.4,112.6,240.4,323.5,59.5,48.4,106.6
1168.3,1351.1,345.3,231.0,400.3,158.3,43.0,328.5,2.5,799.3,24.1,147.7,113.1,240.3,323.4,59.4,49.2,104.3
1159.8,1346.8,345.3,231.0,400.5,158.3,43.0,327.9,2.5,800.2,24.0,149.5,113.0,239.9,322.9,59.2,49.8,103.0
1155.8,1343.1,345.3,230.9,403.1,159.5,42.9,328.1,2.5,800.2,24.0,149.3,113.0,240.5,322.8,59.1,49.3,102.7
1150.0,1347.7,345.4,230.8,402.0,159.0,43.0,328.0,2.5,799.4,24.0,149.1,113.6,241.0,322.8,59.7,49.3,101.8
1163.3,1354.7,345.4,230.9,397.5,158.6,43.0,328.4,2.5,799.6,24.0,149.2,114.5,241.1,322.9,60.4,49.6,101.1
1173.7,1339.2,345.5,230.9,403.8,159.2,43.0,328.4,2.5,800.2,24.0,149.1,114.7,241.0,322.8,60.4,49.1,100.0
1134.5,1351.5,345.2,230.7,401.4,159.4,43.0,328.4,2.5,800.4,24.0,149.4,115.2,241.7,322.6,60.7,48.7,100.3
1180.5,1359.3,345.0,230.6,399.9,158.2,43.0,328.4,2.5,799.6,24.0,149.2,115.7,241.6,322.4,60.8,48.6,97.9
1166.9,1366.3,345.1,230.6,386.2,156.5,43.0,328.7,2.5,799.9,24.0,149.0,116.5,241.5,322.3,60.8,49.0,96.6
1174.1,1350.6,345.0,231.1,408.9,155.5,43.0,328.3,2.5,800.6,23.9,148.9,117.0,241.2,322.3,61.1,49.5,95.8
1145.0,1341.2,345.3,230.4,397.9,158.2,43.0,328.8,2.5,800.7,24.0,148.8,117.0,242.2,322.2,61.0,48.7,95.2
1139.7,1338.5,344.9,230.5,409.1,159.1,43.0,328.4,2.5,799.5,24.0,149.0,117.5,242.0,321.9,61.4,48.9,94.2
1147.2,1356.8,343.8,230.1,400.0,158.1,43.0,328.6,2.5,800.4,24.1,149.0,117.6,241.7,321.7,61.2,48.9,91.9
1146.3,1353.1,343.7,231.0,399.7,157.5,43.0,328.5,2.4,800.4,24.0,148.8,117.2,243.3,321.6,59.8,48.1,90.1
1153.0,1356.6,343.4,231.0,395.5,156.6,43.6,329.4,2.5,800.9,25.1,148.6,117.3,246.7,321.7,59.5,47.7,90.0
1184.4,1342.5,343.4,231.3,405.8,156.1,45.7,329.4,2.5,799.9,26.2,148.4,118.8,248.9,321.8,59.9,47.5,89.6
1190.1,1344.5,343.5,231.2,402.8,157.1,46.0,329.1,2.5,799.2,28.9,148.3,119.2,251.2,321.6,58.3,47.1,90.1
1171.3,1345.4,343.5,231.1,401.2,157.6,45.9,330.5,2.5,799.2,30.1,148.3,120.3,254.6,322.8,59.2,47.2,90.6
1183.6,1340.7,343.8,231.5,404.4,158.3,46.0,330.8,2.5,800.0,29.5,148.3,121.2,256.4,323.8,59.0,46.8,91.9
1169.5,1356.1,343.8,231.5,397.2,157.8,46.0,331.1,2.5,799.9,27.1,149.1,121.5,250.2,323.3,59.3,47.8,91.3
1180.7,1348.9,344.3,232.2,399.4,157.6,46.0,331.2,2.5,799.4,27.1,149.3,120.6,249.5,323.8,58.2,48.1,91.7
1161.5,1351.9,343.8,232.2,400.8,157.4,46.0,331.1,2.5,800.2,26.4,150.5,120.0,248.6,324.1,58.5,47.9,92.5
1166.2,1352.2,343.7,232.0,399.0,156.9,46.0,331.1,2.5,800.6,25.9,150.0,119.5,249.2,324.2,58.2,47.5,91.9
1164.6,1346.9,343.6,231.9,401.1,157.9,46.0,331.0,2.5,800.2,26.0,150.0,119.0,249.5,323.8,58.1,47.2,92.1
1154.5,1351.5,343.8,231.8,400.3,157.7,46.0,331.0,2.5,799.4,26.0,149.6,118.9,249.4,323.9,57.6,46.3,91.4
1147.4,1355.5,343.6,231.9,405.4,156.9,46.0,330.9,2.5,800.3,25.9,149.5,118.7,248.9,323.9,57.4,46.8,90.3
1198.2,1350.1,343.9,231.6,399.1,157.2,46.0,331.0,2.5,835.9,33.7,149.2,117.6,254.2,323.7,57.1,45.6,89.9
1211.2,1357.5,343.4,230.2,401.3,156.2,46.0,330.3,2.5,893.0,35.0,149.7,114.8,262.9,323.9,56.1,45.8,92.8
1162.1,1345.2,344.3,230.6,401.5,157.0,46.0,331.5,2.5,900.0,26.9,149.4,113.7,253.4,324.2,56.0,46.3,91.0
1142.7,1342.0,344.2,231.2,403.2,157.0,46.0,331.2,2.5,900.2,27.0,148.9,113.7,250.5,323.8,56.2,46.0,91.0
1151.0,1357.8,343.7,231.0,392.3,157.1,46.0,330.9,2.5,900.2,26.8,149.1,113.4,249.6,323.6,56.3,45.9,91.4
1162.9,1346.6,343.8,230.9,404.8,157.4,46.0,331.1,2.5,900.0,27.0,149.1,112.7,250.0,323.9,56.1,46.0,90.2
1160.7,1349.7,343.9,231.4,403.6,157.7,46.0,331.1,2.5,898.9,27.0,149.3,112.1,251.3,323.9,55.7,44.7,91.5
1157.2,1352.0,343.5,231.2,400.0,157.4,46.0,330.7,2.5,900.3,27.0,149.2,112.5,250.2,323.8,56.0,43.9,91.6
1159.5,1356.1,343.7,230.9,396.5,156.2,46.1,331.0,2.5,899.5,27.1,149.3,112.5,250.3,323.9,55.8,43.7,90.8
1158.0,1347.3,343.9,230.8,402.2,157.3,46.0,331.2,2.5,899.2,27.1,149.2,113.1,251.0,324.0,56.0,43.5,91.0
1154.9,1351.3,344.0,231.4,402.0,156.5,46.0,330.9,2.5,900.3,27.1,149.1,112.5,250.1,323.8,56.1,43.7,91.7
1163.1,1346.8,343.9,231.2,402.6,157.4,46.0,331.1,2.5,899.3,27.0,149.1,111.7,249.7,323.7,55.7,43.4,92.1
1161.1,1354.5,343.9,230.9,398.8,156.6,46.0,331.0,2.5,898.8,27.0,149.0,111.1,250.1,323.9,55.6,43.4,92.1
1193.8,1332.2,344.5,231.4,407.3,157.1,46.0,331.3,2.5,899.7,27.0,148.4,111.5,251.6,324.7,57.1,43.0,96.0
1202.4,1339.1,345.3,232.9,402.6,157.3,45.9,330.8,2.5,899.8,27.1,148.3,111.2,249.9,324.6,57.1,43.3,101.4
1213.0,1343.3,344.1,233.5,399.7,157.2,46.0,331.3,2.5,899.2,27.1,148.4,111.8,248.2,324.9,57.4,43.5,97.6
1191.7,1357.3,343.3,232.4,386.3,156.5,46.1,331.0,2.5,899.2,27.0,148.6,110.9,251.4,324.9,57.5,44.1,96.2
1188.3,1347.4,343.8,232.1,388.9,156.8,46.0,331.0,2.5,899.6,27.0,148.6,110.4,253.1,324.9,57.3,44.9,95.0
